"Begin Time - msec","End Time - msec","RS_Detail",
12057,12645,"T-amAnfang"
12645,13027,"V-static"
13027,13330,"O-Bestaetigung"
13791,14364,"Ad-femSg"
14364,14597,"Ad-femSg"
14597,15370,"L-lm1_skulptur"
15370,16589,"L-5stationen"
17451,17745,"V-other"
17745,17830,"P-DuPerspektive"
17830,17909,"Prep-von"
17909,18197,"Ad-femPl"
18400,19241,"L-5stationen"
22103,22623,"O-Bestaetigung"
24152,24352,"V-motion"
24352,24455,"P-DuPerspektive"
24455,25525,"T-amAnfang"
25920,26825,"T-ueberZeitraum"
26825,27551,"Dir-geradeaus"
28318,28426,"V-other"
28426,28573,"P-egozentrisch"
31419,31798,"O-Bestaetigung"
31798,32198,"O-Wiederholung"
32551,32845,"O-Versprecher"
33351,33915,"Dir-denWegEntlang"
33915,34053,"Ad-femSg"
34053,34626,"L-str_01-geschlaengeltZuAufSkulptur"
34626,35032,"V-motion"
35032,35155,"P-DuPerspektive"
35625,36417,"T-ueberZeitraum"
36417,36743,"Dist-bis"
36743,37310,"P-DuPerspektive"
37703,37847,"Pos-an"
37847,38490,"Pos-Ende"
39718,40082,"T-automatisch"
40082,40185,"Pos-an"
40185,40329,"Ad-femSg"
40329,40931,"L-lm1_skulptur"
40931,41605,"V-motion"
42019,42237,"Ad-femSg"
42237,42842,"L-lm1_skulptur"
42842,42980,"Ad-femSg"
42980,43254,"V-static"
43641,43764,"Aid-femSg"
43764,44555,"AttL-color "
46092,46571,"Ad-neuSg"
46965,47106,"V-perception"
47779,48655,"AttL-shape"
48655,49269,"L-lm1_skulptur-bauteile"
51005,51248,"V-perception"
51777,52018,"Aid-femSg"
52018,52627,"L-lm1_skulptur-bauteile"
52627,52721,"Ad-femSg"
52856,53024,"Aid-femSg"
53024,53503,"L-lm1_skulptur-bauteile"
53503,54041,"AttL-shape"
54455,54653,"P-neutral"
54653,54959,"V-perception"
54959,55011,"Ad-neuSg"
55443,56069,"AttL-color"
56069,56469,"O-Kommentar"
57025,57363,"T-dann"
62875,62996,"Ad-femSg"
62996,63348,"V-static"
64445,64509,"Ad-femSg"
64509,64674,"V-static"
64674,64783,"Pos-in"
64871,65191,"AttL-hedging"
65191,65932,"L-lm1_kreisverkehr"
66176,66246,"Ad-neuSg"
66246,66390,"V-static"
66702,66822,"P-DuPerspektive"
66822,66905,"Pos-in"
66905,67040,"Ad-maskSg"
67040,67664,"L-lm1_kreisverkehr"
67664,68555,"V-motion"
69158,69255,"Pos-in"
69255,69349,"Ad-femSg"
69349,69614,"Pos-Mitte"
69614,69984,"Ad-maskSg"
69984,70389,"L-lm1_sockel"
70769,70990,"V-static"
71472,71945,"Ad-femSg"
72450,72929,"O-Versprecher"
72929,73435,"L-lm1_skulptur"
75115,75253,"O-Bestaetigung"
76026,76126,"Pos-da"
76126,76261,"V-static"
76949,77549,"O-Versprecher"
77791,78029,"Aid-femSg"
78029,78420,"L-baum_01-NBklkS-sg-naeheSkulptur"
79538,80284,"AttL-shape"
80284,81177,"AttL-shape"
81177,81383,"L-baum_01-NBklkS-sg-naeheSkulptur"
81383,81491,"Pos-da"
81491,81691,"V-static"
81955,82175,"O-Negation"
82175,82475,"L-baum_pl_unbestimmbar"
82907,83025,"Pos-an"
83025,83533,"Pos-Anfang"
83725,83981,"T-dann"
83981,84137,"V-static"
84137,84234,"Ad-neuSg"
84234,84842,"AttL-number"
85136,85474,"Ad-femPl"
85474,85833,"V-static"
87082,87182,"Aid-maskSg"
87182,87931,"AttL-shape"
89006,89100,"Aid-maskSg"
89100,89923,"AttL-shape"
90534,90642,"P-DuPerspektive"
90642,90904,"V-motion"
90904,91030,"T-dann"
91201,91609,"Dist-weiter"
91609,91686,"Pos-an"
91686,91815,"Ad-maskSg"
91815,93155,"L-lm1_kreisverkehr"
94388,94685,"P-DuPerspektive"
94685,95473,"Dir-geradeaus"
95473,95747,"Dir-ueber"
95747,95876,"Ad-femSg"
95876,96590,"L-strKr_unbestimmbar"
96590,96957,"V-motion"
97618,97833,"V-motion"
97833,97991,"Ad-maskSg"
97991,98409,"L-str_02-geschlaengeltWegVonSkulptur"
98409,98638,"Ad-maskSg"
98638,99481,"Dir-geradeaus"
99772,100190,"V-static"
100777,101521,"T-dann"
102157,102378,"V-motion"
102378,102472,"P-DuPerspektive"
102907,103680,"Dist-weiter"
106145,106439,"T-irgendwann"
106439,106689,"V-motion"
106689,106794,"P-DuPerspektive"
106947,107121,"Pos-an"
107121,107435,"Aid-maskSg"
107435,108761,"L-strKr_03-TK-vorRathaus"
108902,108964,"Pos-da"
108964,109117,"V-static"
109117,109196,"Ad-neuSg"
109196,109328,"T-dann"
109328,109537,"O-Negation"
109537,110022,"Dist-weiter"
110289,110386,"Pos-da"
110613,110871,"P-DuPerspektive"
110871,111274,"Dir-links"
111647,112223,"V-motion"
113526,113832,"O-Bestaetigung"
114604,114878,"Pos-da"
116106,116462,"V-motion"
116462,116588,"P-DuPerspektive"
116588,117323,"Dist-weiter"
118682,118884,"Dist-bis"
118884,119020,"Dir-zu"
119020,119393,"Pos-Ende"
120842,121135,"Dist-bis"
121135,121481,"Ad-femSg"
121481,122137,"L-str_04-vorRathaus"
123192,123467,"Pos-rechts"
123570,123857,"Pos-links"
123857,124405,"V-static"
124493,124598,"Pos-da"
124598,124815,"V-motion"
124815,124912,"P-DuPerspektive"
124912,125351,"Dir-rechts"
128292,128512,"L-objekt-sg_unbestimmbar"
128512,128594,"V-static"
128594,128694,"Ad-femSg"
128694,129245,"AttL-number"
131172,131354,"Ad-femSg"
131354,131849,"AttL-number"
131849,132236,"V-static"
132690,133141,"Ad-neuSg"
136875,136948,"T-jetzt"
137031,137159,"P-egozentrisch"
137159,137298,"Ad-femSg"
137298,137709,"AttL-number"
137709,138406,"V-other"
139006,139206,"V-other"
144463,144864,"O-Kommentar"
144864,144981,"Pos-da"
144981,145034,"V-static"
145034,145186,"Aid-maskSg"
145186,145831,"L-lm2_rathaus"
145831,146060,"V-static"
146060,146227,"Ad-neuSg"
146227,146777,"L-lm2_rathaus"
147100,147779,"T-danach"
148825,148936,"P-egozentrisch"
148936,149183,"V-other"
151163,151292,"Pos-da"
151292,151559,"V-static"
151559,151702,"T-dann"
151702,152197,"Ad-neuSg"
154532,154811,"O-Bestaetigung"
154811,155027,"Ad-neuSg"
155027,155165,"V-static"
156964,157210,"Dir-links"
157447,157872,"Dir-rechts"
158499,158722,"T-dann"
160518,160758,"O-Bestaetigung"
160758,161203,"Ad-neuSg"
161203,161842,"L-lm2_rathaus"
161842,162217,"V-static"
163075,163242,"Ad-neuSg"
163242,163995,"L-lm2_rathaus"
164672,165006,"T-davor"
165006,165231,"Ad-neuSg"
165231,165557,"V-static"
165557,165633,"Ad-neuSg"
165633,166052,"V-perception"
166052,166125,"P-DuPerspektive"
166125,166553,""
166931,167112,"Aid-femSg"
167112,167484,"AttL-size"
167484,167813,"L-baumallee-LBkl-pl"
167813,168047,"Prep-von"
168047,168545,"L-baumallee-baum-LBkl-pl"
168545,168654,"Pos-da"
168654,169292,"V-static"
169527,169617,"Pos-da"
169617,169732,"V-static"
170133,170215,"Pos-auf"
170215,170356,"Ad-femSg"
170356,170725,"Pos-links"
170725,171079,"Pos-Seite"
171079,171164,"T-dann"
171164,171844,"AttL-number"
171844,172111,"L-baumallee-baum-LBkl-pl"
172111,172213,"Ad-neuSg"
172213,172301,"V-static"
172412,172529,"T-dann"
172702,173001,"AttL-shape"
173001,173321,"L-baumallee-baum-LBkl-pl"
173321,173435,"O-Negation"
173435,173731,"Aid-femSg"
173860,174255,"L-objekt-sg_unbestimmbar"
174955,175412,"Pos-rechts"
175603,175670,"Ad-femPl"
175670,175919,"V-static"
176757,178310,"AttL-others "
178752,179291,"AttL-others"
179517,179575,"P-DuPerspektive"
179575,179769,"V-motion"
179948,180438,"O-Versprecher"
180438,180689,"Dir-durch"
180689,181008,"Pos-zwischen"
181008,181395,"Ad-femPl"
182514,182751,"AttL-number"
182751,183106,"L-baumallee-baum-LBkl-pl"
185074,185364,"T-wenn"
185364,185479,"P-DuPerspektive"
185479,185652,"Pos-da"
185652,185980,"Dir-durch"
185980,186331,"V-motion"
187087,187357,"V-perception"
187357,187430,"P-DuPerspektive"
187989,188526,"Ad-neuSg"
189053,189454,"O-Wiederholung"
189454,190146,"L-lm2_rathaus"
191514,191596,"Ad-neuSg"
191596,191716,"V-static"
192038,192255,"Pos-vor"
192255,192434,"P-DuPerspektive"
192434,192662,"T-dann"
193190,193471,"Pos-vor"
193471,193717,"P-DuPerspektive"
196553,196966,"Pos-da"
196966,197095,"Ad-neuSg"
197095,197470,"L-lm2_rathaus"
197470,197798,"V-perception"
197798,197833,"P-DuPerspektive"
198120,198481,""
198779,199193,"O-Kommentar"
199193,199360,"Ad-neuSg"
199623,200086,"L-lm2_treppe-pl"
200086,200394,"V-static"
200581,200742,"V-perception"
200742,200983,"AttL-hedging"
201223,201311,"Ad-femPl"
201311,202078,"L-objekt-sg_unbestimmbar"
202078,202304,"Pos-hier"
202494,202761,"O-Versprecher"
203101,203297,"Pos-in"
203297,203391,"Ad-femSg"
203391,203719,"L-objekt-sg_unbestimmbar"
204888,205005,"Ad-neuSg"
205005,205081,"V-static"
205421,206001,"O-Kommentar"
206950,207343,"O-Bestaetigung"
207618,207973,"Aid-femSg"
207973,208301,"AttL-others"
208301,208808,"L-objekt-sg_unbestimmbar"
209655,209716,"P-egozentrisch"
209716,209953,"V-other"
209953,210205,"O-Negation"
210205,210413,"L-objekt-sg_unbestimmbar"
211882,212187,"AttL-number"
212187,212505,"L-lm2_treppe-pl"
212665,212987,"AttL-number"
212987,213310,"L-lm2_treppe-pl"
213310,213437,"Pos-vor"
213437,213570,"Ad-neuSg"
213570,214125,"L-lm2_rathaus"
215267,215402,"V-static"
215547,215682,"Ad-femPl"
215682,215914,"L-objekt-sg_unbestimmbar"
215914,216117,"V-static"
216980,217409,"V-perception"
217933,218198,"T-dann"
220580,220980,"AttL-quantity"
220980,221202,"AttL-others"
221202,221330,"Ad-neuSg"
221330,221400,"V-perception"
221647,221832,"AttL-quantity"
221832,222345,"AttL-others"
222804,223909,"AttL-others"
224798,224918,"P-DuPerspektive"
224918,225278,"V-perception"
225558,225916,"Ad-femPl"
225916,226276,"L-baumallee-baum-LBkl-pl"
226276,226813,"O-Kommentar"
226898,227195,"Ad-femSg"
227195,227915,"AttL-shape"
227915,227986,"AttL-others"
227986,228164,"Aid-femSg"
228164,228581,"L-baumallee-LBkl-pl"
228581,228918,"V-perception"
228918,229036,"P-DuPerspektive"
229216,229598,"Pos-da"
229924,230486,"T-dann"
232042,232350,"O-Bestaetigung"
232350,232717,"Pos-da"
232935,233017,"P-DuPerspektive"
233175,233522,"Dir-links"
233522,234082,"V-motion"
235690,236165,"O-Bestaetigung"
241933,242441,"O-Kommentar"
242441,242581,"T-wenn"
242581,242633,"P-DuPerspektive"
242633,242818,"T-dann"
242818,243211,"Dist-weiter"
243211,243771,"V-motion"
245864,245962,"P-DuPerspektive"
246137,246282,"T-dann"
246282,246752,"AttL-number"
246752,247072,"Dir-links"
247707,248061,"V-motion"
248124,248524,"O-Kommentar"
248524,248619,"Pos-wo"
248619,248886,"Ad-neuSg"
248886,249164,"AttL-number"
249164,249371,"L-strKr_unbestimmbar"
249371,249651,"V-static"
251502,251682,"P-egozentrisch"
251682,251770,"V-other"
251770,251815,"Ad-neuSg"
251815,251927,"P-egozentrisch"
251927,252057,"T-jetzt"
252312,252567,"T-amAnfang"
252567,252969,"Dir-links"
252969,253154,"T-dann"
253154,253689,"Dir-rechts"
253689,253789,"T-wenn"
253789,253857,"Ad-neuSg"
253857,254247,"Pos-Ende"
254427,254729,"T-amAnfang"
254729,254866,"Dir-links"
254866,255014,"T-wenn"
255014,255092,"Ad-neuSg"
255092,255410,"Pos-Ende"
255410,255490,"T-dann"
255490,255735,"Dir-rechts"
255735,255853,"T-wenn"
255853,255917,"Ad-neuSg"
255917,256450,"Pos-Ende"
256450,256735,"T-dann"
256735,257157,"Dir-links"
258107,258492,"Dir-links"
264312,264445,"Ad-neuSg"
264445,264550,"V-static"
265992,266049,"P-egozentrisch"
266174,266274,"O-Versprecher"
266407,266467,"Ad-femPl"
266467,266839,"L-str_unbestimmbar"
266839,267007,"O-Negation"
267007,267682,"V-other"
270528,270683,"O-Frage"
270683,270810,"V-static"
271335,271615,"AttL-number"
271615,272015,"L-5stationen"
272015,272112,"P-egozentrisch"
272527,272990,"V-other"
275451,275618,"V-other"
275618,275753,"P-DuPerspektive"
275753,275818,"L-objekt-sg_unbestimmbar"
275818,275961,"Ad-neuSg"
276176,276630,"V-static"
276630,277203,"O-Frage"
277707,277894,"Ad-femPl"
277894,278516,"L-lm3_RToDT"
278919,279349,"O-Bestaetigung"
279837,280047,"Ad-maskSg"
280047,280239,"Prep-mit"
280239,280437,"Ad-femPl"
280437,280977,"AttL-number"
280977,281916,"L-lm3_kirchen"
284882,285150,"O-Bestaetigung"
285150,285824,"Pos-da"
292580,292790,"O-Negation"
292790,292947,"P-neutral"
292947,293140,"V-motion"
293140,293510,"O-Versprecher"
293797,293954,"Ad-neuSg"
293954,294582,"AttL-number "
300919,301053,"Prep-von"
301053,301228,"Dir-links"
301388,301779,"Dir-rechts"
302585,302697,"P-egozentrisch"
302697,302820,"T-jetzt"
303150,303482,"V-other"
303482,304055,"O-Kommentar"
304055,304180,"Pos-wo"
304180,304390,"V-static"
304390,304467,"P-WirPerspektive"
304467,304789,"T-davor"
304789,304971,"Prep-bei"
304971,305176,"Ad-maskSg"
306020,306517,"L-lm2_rathaus"
308264,308821,"O-Bestaetigung"
313048,313181,"P-DuPerspektive"
313181,313383,"V-motion"
313521,313858,"Pos-hinter"
313858,314206,"Ad-neuSg"
314845,315650,"L-lm2_rathaus"
316648,316835,"P-egozentrisch"
316835,316978,"V-other"
316978,317078,"P-DuPerspektive"
317078,317145,"Ad-maskSg"
317145,318079,"L-lm3_kirchplatz"
318079,318142,"Ad-neuSg"
318142,318249,"V-static"
318422,318504,"Aid-maskSg"
318504,318747,"AttL-hedging"
318747,319169,"AttL-size"
319169,319534,"L-lm3_kirchplatz"
319796,319949,"T-wenn"
319949,320089,"P-neutral"
320089,320394,"Pos-darauf"
320394,320906,"V-motion"
323035,323477,"O-Kommentar"
323600,323737,"Ad-neuSg"
323737,323980,"Aid-maskSg"
323980,324382,"Dir-links"
324382,324687,"T-dann"
324687,324904,"Pos-von"
324904,325134,"Pos-da"
325397,325749,"V-static"
327402,327492,"Ad-neuSg"
327492,327622,"V-static"
327622,327809,"Ad-neuSg"
327809,328206,"AttL-number"
328206,328789,"Dir-links"
328789,328889,"Ad-neuSg"
328889,328911,"V-static"
331078,331178,"P-egozentrisch"
331178,331248,"V-static"
331248,331428,"Aid-maskSg"
337120,337627,"O-Kommentar"
337627,337745,"T-wenn"
337745,337835,"P-DuPerspektive"
337835,337972,"T-jetzt"
338135,338674,"V-motion"
338674,339309,"O-Versprecher"
339608,339666,"Dir-zu"
339666,339841,"Ad-neuSg"
339841,340593,"L-lm2_rathaus"
341388,341633,"T-dann"
341633,341873,"V-motion"
341873,341980,"Pos-da"
343118,343560,"AttL-quantity"
343560,344020,"Dir-links"
345911,346729,"O-Versprecher"
347636,347763,"Dir-zu"
347763,348173,"Ad-maskSg"
348173,348893,"L-lm3_kirchplatz"
349005,349455,"V-motion"
349699,350004,"Ad-maskSg"
350004,350471,"L-lm3_kirchplatz"
354883,355962,"O-Kommentar"
356090,356230,"P-neutral"
356230,356412,"Ad-neuSg"
356412,356642,"V-perception"
356932,357105,"V-motion"
357465,357812,"Dir-geradeaus"
357812,358057,"T-danach"
358057,358120,"P-DuPerspektive"
358120,358512,"AttL-number"
358512,358802,"Dir-links"
358802,359350,"V-motion"
359505,359815,"O-Kommentar"
359815,360012,"Ad-neuSg"
360012,360455,"AttL-quantity"
360455,360732,"Dir-links"
360732,360910,"V-static"
361765,362334,"AttL-others"
362484,362737,"P-neutral"
362737,362942,"Pos-da"
362942,363488,"V-motion"
365022,365107,"Ad-femSg"
365107,365332,"L-str_unbestimmbar"
365332,366244,"Dist-Ende"
366621,366886,"T-dann"
367570,367862,"T-dann"
367862,368175,"V-motion"
368175,368230,"P-DuPerspektive"
368385,368565,"T-wenn"
368565,368630,"P-DuPerspektive"
368630,368765,"T-dann"
368765,369319,"Dir-geradeaus"
369319,369505,"V-motion"
369505,369670,"Pos-auf"
369670,369947,"Ad-maskSg"
369947,370662,"L-lm3_kirchplatz"
371614,371807,"V-other"
371807,371934,"P-neutral"
372099,372399,"O-Versprecher"
372399,372947,"Ad-maskSg"
372947,373237,"L-lm3_DT"
373374,373429,"Ad-maskSg"
373429,373709,"V-perception"
373709,373884,"P-neutral"
373884,374021,""
374021,374191,"Ad-femPl"
374191,374411,"AttL-number"
374411,375144,"L-lm3_DT-turm-pl-lUr"
375629,375993,"L-lm3_DT"
376276,376876,"AttL-others"
376876,377376,"L-lm3_RT"
377376,377504,"Prep-mit"
377504,377696,"Aid-maskSg"
377696,378211,"AttL-shape"
378211,378421,"L-lm3_RT-kuppeldach"
379811,380166,"Ad-femSg"
380166,380444,"V-static"
381084,381464,"Pos-zwischen"
381464,381901,"Ad-maskSg"
382324,383215,"L-lm3_RT"
383215,383335,"Ad-maskSg"
383460,383575,"Prep-mit"
383575,383885,"Ad-maskSg"
383885,384670,"AttL-color"
384795,384915,"Prep-mit"
384915,385090,"Ad-maskSg"
385090,385465,"AttL-shape"
385465,385752,"L-lm3_RT-kuppeldach"
386645,386989,"O-Versprecher"
387331,387482,"Ad-femPl"
387482,387760,"AttL-number"
387760,388555,"L-lm3_DT-turm-pl-lUr"
388960,389135,"P-DuPerspektive"
389265,389944,"V-motion"
390166,390359,"Pos-da"
390359,390607,"V-static"
390607,390663,"Ad-femSg"
390663,391051,"L-str_07-wegVonKirchplatz"
391202,391712,"Dist-weiter"
391712,391793,"Pos-auf"
391793,391962,"Ad-maskSg"
391962,392369,"L-lm3_kirchplatz"
392493,392571,"P-DuPerspektive"
392571,392794,"V-motion"
392941,393160,"O-Negation"
393160,393479,"Dir-andereRichtung"
393586,393658,"P-DuPerspektive"
393658,394124,"V-motion"
394778,395119,"O-Versprecher"
395119,395410,"V-motion"
395410,395665,"AttL-number"
395665,395829,"Dir-ueber"
395829,395964,"Ad-maskSg"
395964,396189,"L-lm3_kirchplatz"
396256,396699,"O-Kommentar"
397069,397144,"P-DuPerspektive"
397144,397539,"Dir-links"
397867,398296,"V-motion"
398296,398465,"Prep-von"
398465,398644,"Ad-maskSg"
398644,398885,"L-str_06-geschlaengeltZuAufKirchplatz"
399254,399366,"Ad-maskSg"
399366,399495,"P-DuPerspektive"
399495,399994,"V-motion"
400180,400338,"Pos-auf"
400338,400518,"Ad-maskSg"
400518,400935,"L-lm3_kirchplatz"
401615,401708,"P-DuPerspektive"
401708,401931,"V-motion"
402041,402156,"Pos-auf"
402156,402294,"Ad-maskSg"
402294,402858,"L-lm3_kirchplatz"
405598,405715,"P-DuPerspektive"
405944,406186,"O-Bestaetigung"
406186,406282,"P-DuPerspektive"
406282,406632,"V-perception"
408893,409298,"O-Bestaetigung"
409298,409406,"P-DuPerspektive"
409406,409720,"V-motion"
410642,410786,"Ad-neuSg"
410786,410903,"V-static"
410903,411044,"T-dann"
411275,412112,"AttL-number"
412112,412705,"O-Kommentar"
412705,412816,"P-DuPerspektive"
412816,413001,"V-motion"
413168,413430,"Ad-maskSg"
413820,414014,"O-Bestaetigung"
414205,414267,"P-DuPerspektive"
414267,414428,"V-motion"
414428,414543,"Ad-neuSg"
414543,414665,"T-dann"
414665,415299,"AttL-number"
415299,415480,"Pos-auf"
415480,415697,"Ad-maskSg"
415697,415984,"L-lm3_kirchplatz"
420562,420829,"O-Bestaetigung"
422863,423042,"O-Negation"
423042,423418,"Dist-inNaehe"
423418,423609,"Pos-vor"
423609,423786,"Ad-neuSg"
423786,423974,"O-Versprecher"
423974,424339,"O-Versprecher"
425184,425445,"T-danach"
425445,425548,"P-DuPerspektive"
425548,425704,"Pos-an"
425704,426224,"L-lm2_rathaus"
426224,426524,"V-motion"
426524,426962,"T-irgendwann"
426962,427758,"T-danach"
428393,428513,"P-DuPerspektive"
428513,428780,"Dir-links"
428780,428933,"V-motion"
429013,429139,"P-egozentrisch"
429139,429227,"V-other"
429227,429380,"P-DuPerspektive"
429380,429527,"O-Negation"
431938,432091,"Pos-auf"
432091,432244,"Ad-neuSg"
432244,432817,"L-lm2_rathaus"
432817,433096,"V-motion"
433096,433146,"P-DuPerspektive"
433601,433804,"Dir-zu"
434080,434143,"Pos-da"
434143,434452,"V-other"
434452,434799,"O-Kommentar"
435672,435760,"Pos-da"
435760,435977,"V-other"
435977,436059,"Ad-femSg"
436059,436515,"L-str_03-durchBaumallee"
436694,436818,"Pos-da"
437006,437065,"P-DuPerspektive"
437065,437214,"T-dann"
437214,437426,"Dir-links"
437426,437928,"V-motion"
438385,438520,"P-DuPerspektive"
438769,439104,"O-Kommentar"
439104,439257,"Pos-da"
439257,439383,"V-static"
439616,439798,"Aid-maskSg"
439798,440206,"AttL-others"
440206,440624,"L-objekt-sg_unbestimmbar"
440841,441144,"Pos-vor"
441144,441482,"P-DuPerspektive"
442871,443023,"P-DuPerspektive"
443023,443209,"V-motion"
443893,443981,"Ad-femSg"
443981,444337,"L-str_03-durchBaumallee"
444337,444586,"Dist-Ende"
445010,445271,"Pos-da"
445271,445603,"O-Versprecher"
445900,446241,"Ad-neuSg"
446423,446917,"L-lm2_rathaus"
447202,447449,"Pos-vor"
447449,447519,"P-DuPerspektive"
447519,447702,"V-static"
447702,447843,"Pos-auf"
447957,448045,"Aid-femSg"
448045,448289,"AttL-color"
448289,448607,"L-rasen"
449836,450342,"AttL-color"
450342,450718,"O-Kommentar"
450718,450839,"Prep-mit"
450839,451003,"Aid-maskSg"
451003,451353,"AttL-color"
451353,451537,"L-lm2_flachdach"
451537,451614,"Ad-femPl"
451614,451961,"AttL-quantity"
451961,452184,"L-geb_pl_unbestimmbar"
452184,452375,"V-static"
452604,452897,"AttL-color"
452897,453047,"Prep-mit"
453047,453138,"Aid-maskSg"
453138,453609,"AttL-color"
453609,453785,"L-geb_dach-sg_unbestimmbar"
454811,455011,"T-dann"
455011,455601,"O-Kommentar"
456285,456394,"Pos-da"
456394,456658,"V-static"
456658,456755,"O-Bestaetigung"
456755,456855,"Ad-femSg"
456855,457273,"L-str_03-durchBaumallee"
457273,457517,"V-motion"
457517,457605,"P-DuPerspektive"
457605,457925,"Dir-links"
458693,458819,"Pos-da"
458819,459039,"V-motion"
459039,459089,"P-DuPerspektive"
459089,459239,"T-dann"
459436,459739,"Dist-weiter"
459739,460215,"Dir-geradeaus"
460297,460388,"T-dann"
460388,460601,"V-motion"
460601,460676,"P-egozentrisch"
460676,460764,"Pos-auf"
460764,460963,"Ad-maskSg"
460963,461652,"L-lm3_kirchplatz"
461727,461927,"O-Bestaetigung"
464804,464888,"P-DuPerspektive"
464888,465105,"V-motion"
465488,465906,"Dir-links"
466200,466339,"P-DuPerspektive"
466339,466604,"V-perception"
466827,467173,"Pos-rechts"
467173,467351,"Pos-von"
467351,467451,"P-DuPerspektive"
467451,467636,"Ad-femSg"
467636,468583,"L-lm3_DT"
468583,468689,"Prep-mit"
468689,468746,"Ad-femPl"
468746,468923,"AttL-number"
468923,469230,"L-lm3_DT-turm-pl-lUr"
469360,469673,"Pos-links"
469673,469991,"Ad-femSg"
470351,470571,"O-Wiederholung"
470571,471027,"L-lm3_RT"
472402,472617,"V-motion"
472617,472807,"T-dann"
473115,473757,"Dir-durch"
474271,474443,"P-DuPerspektive"
474443,474858,"O-Versprecher"
475178,475443,"Dir-links"
475443,476225,"V-motion"
476749,477072,"O-Kommentar"
477329,477562,"T-wenn"
477562,477632,"P-DuPerspektive"
477632,477864,"Pos-von"
477864,478092,"Ad-maskSg"
478092,478479,"L-lm3_kirchplatz"
478479,478884,"Dir-runter"
478884,479322,"V-motion"
479786,480054,"T-dann"
480054,480304,"V-motion"
480304,480396,"P-DuPerspektive"
481312,481530,"Ad-femSg"
481530,481820,"O-Wiederholung"
481820,482315,"L-str_07-wegVonKirchplatz"
482315,482435,"Ad-femSg"
482435,482485,"P-DuPerspektive"
482485,482817,"T-dann"
482817,483301,"Dir-raus"
483301,483650,"V-motion"
483650,483822,"Pos-von"
483822,484420,"L-lm3_kirchplatz"
484550,484732,"Ad-maskSg"
484732,485207,"L-str_07-wegVonKirchplatz"
485375,485549,"V-static"
485549,485742,"Pos-auf"
485742,486154,"Aid-femSg"
486154,486837,"L-str_08-parallelZuPark"
486999,487404,"V-static"
487404,487487,"Pos-in"
487487,487642,"Aid-femSg"
487642,487924,"L-str_08-parallelZuPark"
487924,488001,"Pos-wo"
488001,488053,"P-DuPerspektive"
488526,488771,"Pos-rechts"
488891,489198,"Pos-links"
489198,489460,"V-static"
490182,490262,"P-DuPerspektive"
490262,490474,"V-motion"
490474,490662,"Pos-da"
490662,491114,"Dir-links"
494268,494433,"Ad-neuSg"
494433,494747,"O-Bestaetigung"
494747,495147,"O-Kommentar"
495257,495442,"P-egozentrisch"
495442,495572,"P-egozentrisch"
495572,495777,"AttL-number"
495777,495999,"Dir-links"
495999,496400,"V-other"
496852,497145,"O-Kommentar"
497145,497260,"T-dann"
497497,497702,"Ad-neuSg"
497702,498062,"AttL-number"
498062,498345,"Dir-links"
498345,498450,"Pos-da"
498450,498600,"V-motion"
498600,498677,"P-DuPerspektive"
498852,499165,"Dir-links"
499165,499610,"Dir-raus"
501481,501921,"V-motion"
503820,504075,"O-Frage"
504075,504302,"V-static"
504430,504670,"T-danach"
504670,505027,"Ad-maskSg"
505547,505816,"T-danach"
505816,506013,"Ad-maskSg"
506013,506970,"L-lm3_kirchplatz"
506970,507186,"V-static"
507186,507349,"Ad-neuSg"
507349,507551,"AttL-number"
507704,508021,"AttL-number"
508021,508406,"L-5stationen"
508406,508639,"O-Kommentar"
508951,509344,"AttL-number"
509474,509716,"AttL-number"
509716,510554,"L-5stationen"
510554,511109,"O-Frage"
511286,511431,"AttL-number"
520950,521228,"O-Bestaetigung"
521488,521710,"P-egozentrisch"
522875,523038,"Ad-femSg"
523038,523205,"L-rundfahrt"
523205,523290,"V-static"
523398,523815,"Dist-weit"
524917,525207,"O-Kommentar"
525537,526137,"AttL-number"
526137,526747,"O-Kommentar"
527681,528171,"AttL-number"
528171,528411,"V-static"
528411,528596,"Aid-maskSg"
528596,529081,"L-lm5_brunnen"
529081,529941,"O-Kommentar"
532875,533565,"O-Kommentar"
533565,534100,"O-Kommentar"
534160,534255,"Ad-maskSg"
534255,534555,"L-lm5_brunnen"
534555,535390,"V-perception"
535390,535520,"Ad-maskSg"
535520,535880,"V-perception "
536035,536365,"AttL-number"
536365,536702,"L-lm5_brunnen-schale-pl"
536702,536810,"Ad-femPl"
536810,537224,"AttL-shape "
537224,537555,"V-static"
538210,538435,"Aid-femSg"
538435,539205,"L-lm5_brunnen-schale-sg-gr"
539345,539545,"Aid-femSg"
539545,540620,"L-lm5_brunnen-schale-sg-kl"
541120,541310,"Pos-da"
541310,541500,"V-other"
541500,541590,"P-egozentrisch"
543180,543340,"P-egozentrisch"
544120,544765,"V-other"
544765,545140,"T-dann"
546725,546914,"O-Frage"
546914,547034,"V-static"
547034,547164,"Ad-neuSg"
547164,547379,"L-lm4_kapelle"
548039,548134,"O-Bestaetigung"
548134,548314,"Ad-neuSg"
548314,548624,"V-static"
549005,549234,"Aid-maskSg"
551039,551244,"Aid-maskSg"
551244,551689,"L-lm4_kapelle"
552084,552504,"O-Negation"
552504,552734,"V-other"
552884,553059,"Ad-neuSg"
554152,555937,"AttL-others "
556072,556177,"Ad-neuSg"
556177,556312,"V-static"
556437,556672,"AttL-height"
556857,556977,"Ad-femPl"
556977,558012,"L-geb_10-MFH-pl-geradeausUrechtsHinterPark"
559874,560304,"Ad-neuSg"
560304,560409,"V-static"
560904,561199,"O-Negation"
563448,563568,"O-Bestaetigung"
563568,563663,"V-static"
563993,564093,"Aid-maskSg"
564093,564418,"AttL-color"
564418,564648,"L-lm4_halle-dach"
565448,565798,"AttL-color"
565993,566243,"Ad-neuSg"
566243,566368,"V-static"
566368,566638,"L-geb_pl_unbestimmbar"
568968,569123,"O-Bestaetigung"
569123,569983,"O-Kommentar"
570068,570138,"P-neutral"
570138,570213,"Pos-da"
570213,570738,"V-motion"
570738,571058,"O-Kommentar"
571128,571248,"P-neutral"
571248,571618,"Dir-denWegEntlang"
571618,571923,"Pos-da"
571923,572368,"AttL-number"
572368,572668,"Dir-rechts"
572668,573318,"V-motion"
573743,574038,"T-danach"
574038,574217,"Ad-femSg"
574217,574517,"AttL-number"
574517,574907,"Dir-links"
574907,575102,"V-motion"
575102,575407,"AttL-number"
575407,575702,"Dir-rechts"
576167,576911,"O-Kommentar"
577071,577211,"Ad-femPl"
577211,577561,"AttL-number"
577561,577956,"Dir-rechts"
577956,578176,"V-static"
578346,578691,"V-other"
578691,578771,"P-DuPerspektive"
578771,579261,"T-irgendwann"
579451,579666,"Dir-rechts"
579666,580646,"V-motion"
583768,583893,"O-Bestaetigung"
583893,584073,"Pos-da"
584073,584153,"V-static"
584153,584308,"P-egozentrisch"
584598,584893,"O-Negation"
585053,585416,"V-other"
585416,585586,"P-egozentrisch"
588599,588664,"P-egozentrisch"
588774,589474,"V-other"
589955,590050,"Pos-da"
590050,590153,"V-static"
590320,591180,"O-Kommentar"
593000,593680,"Dir-denWegEntlang"
593680,593805,"Dir-zu"
593805,594532,"Ad-femPl"
595196,595351,"P-DuPerspektive"
595351,595663,"V-other"
595663,596378,"L-lm3_kirchplatz"
596378,597020,"O-Kommentar"
598773,599303,"O-Kommentar"
599483,599666,"Ad-neuSg"
599666,599866,"Aid-maskSg"
599866,600533,"L-lm3_kirchplatz"
600533,600821,"V-static"
601504,601592,"P-egozentrisch"
601592,601764,"V-other"
601764,601952,"Ad-neuSg"
601952,602082,"O-Negation"
602299,602504,"Ad-neuSg"
602784,602832,"P-WirPerspektive"
602832,602934,"P-WirPerspektive"
602934,603062,"O-Negation"
603062,603332,"V-other"
605847,606015,"Ad-neuSg"
606015,606232,"V-static"
608212,608585,"O-Kommentar"
608585,608714,"Pos-da"
608714,608897,"V-static"
609061,609258,"Aid-maskSg"
609258,609567,"L-lm4_turm-uhr"
609567,610204,"Pos-oben"
612200,612420,"Pos-auf"
612420,612652,"Ad-neuSg"
612652,613040,"L-lm4_kapelle"
613605,614087,"Pos-neben"
614087,614244,"P-egozentrisch"
614373,614426,"P-egozentrisch"
614888,615038,"O-Negation"
615152,615672,"V-other"
617286,617830,"O-Kommentar"
617830,618229,"T-amEnde"
618229,618382,"T-wenn"
618382,618482,"P-DuPerspektive"
618482,618620,"Pos-da"
619255,619951,"V-motion"
620448,620553,"Dir-zu"
620553,620783,"Ad-maskSg"
620783,621153,"L-lm5_brunnen"
621320,621744,"V-motion"
622050,622156,"Pos-da"
622156,622374,"V-static"
622374,622735,"Aid-maskSg"
623864,623988,"Pos-da"
623988,624167,"V-static"
624167,624481,"T-davor"
624481,624734,"Aid-maskSg"
624734,625187,"L-see"
625482,625623,"Pos-da"
625999,626073,"P-DuPerspektive"
626073,626478,"V-motion"
626478,626904,"T-irgendwann"
626904,627207,"Pos-wo"
627207,627560,"Dir-entlang"
627829,627932,"T-wenn"
627932,628047,"P-DuPerspektive"
628203,628599,"Pos-rechts"
628599,628823,"Pos-von"
628823,629067,"P-DuPerspektive"
629164,629540,"Aid-maskSg"
629540,630232,"L-park_eingang-torbogen"
630232,630664,"V-perception"
632492,632639,"T-dann"
632639,632862,"V-motion"
632862,632918,"P-DuPerspektive"
632918,633062,"Pos-da"
633062,633456,"Dir-rein"
636206,636342,"P-DuPerspektive"
636812,637057,"Pos-an"
637057,637130,"Ad-femSg"
637130,637515,"L-str_08-parallelZuPark"
637515,637847,"V-motion"
637950,638241,"Pos-rechts"
638241,638412,"Pos-von"
638412,638573,"P-DuPerspektive"
638573,638750,"V-static"
639255,639631,"O-Versprecher"
640024,640321,"Aid-maskSg"
641287,641683,"AttL-color"
642711,643769,"AttL-color"
644224,644777,"L-park_eingang-torbogen"
645127,645347,"Dir-durch"
645347,645536,"Ad-maskSg"
645536,645615,"P-DuPerspektive"
645615,645868,"Dir-durch"
646085,646276,"Dir-durch"
646276,646444,"Ad-maskSg"
646444,646588,"Aid-maskSg"
646588,646720,"L-str_09-parkweg-eingang"
646720,647157,"V-static"
648576,648929,"Ad-neuSg"
648929,649117,"V-static"
649387,649719,"Aid-maskSg"
649719,650022,"L-park_eingang-torbogen"
650749,650867,"T-dann"
650867,651087,"V-motion"
651087,651184,"P-DuPerspektive"
651184,651360,"Pos-da"
651637,652045,"Dir-rein"
653943,654128,"T-wenn"
654128,654216,"P-DuPerspektive"
654216,654346,"Pos-da"
654346,654563,"Dir-rein"
654563,654745,"V-motion"
654745,654854,"T-dann"
654854,655033,"V-perception"
655033,655113,"P-DuPerspektive"
655580,655668,"Pos-da"
655668,655853,"Aid-maskSg"
655853,656212,"AttL-size"
656212,656456,"L-see"
656456,656550,"Pos-in"
656550,656673,"Ad-femSg"
656673,656982,"Pos-Mitte"
656982,657222,"V-static"
657727,657892,"Dir-um"
657892,658065,"Ad-maskSg"
658065,658206,"L-see"
658206,658441,"V-static"
658441,658632,"Aid-maskSg"
658632,658888,"L-str_10-parkweg-rundgang"
658888,659335,"Pos-herum"
659555,659928,"Ad-maskSg"
659928,660240,"L-str_10-parkweg-rundgang"
661084,661184,"Pos-herum"
661184,661316,"Ad-maskSg"
661316,661836,"L-park_eingang-torbogen"
661836,662183,"V-static"
662395,662630,"AttL-number"
662630,663022,"Pos-da"
663022,663668,"Dir-herum"
664864,664949,"Pos-da"
664949,665076,"V-static"
665264,665793,"L-park_bank-pl"
666231,666584,"L-park_bank-pl"
666584,666707,"Prep-mit"
666707,667172,"L-muelleimer-sg-park"
667172,667351,"V-perception"
668740,668870,"Aid-maskSg"
668870,669293,"AttL-others"
670016,670366,"L-park"
670745,671047,"O-Bestaetigung"
671526,671620,"P-DuPerspektive"
671620,672020,"V-motion"
672904,673050,"P-neutral"
673050,673189,"Ad-maskSg"
673189,673388,"L-str_10-parkweg-rundgang"
673388,673612,"O-Negation"
673612,673776,"V-motion"
673920,674391,"P-egozentrisch"
674391,674646,"L-rundfahrt"
674646,674790,"V-motion"
674790,675128,"T-jetzt"
675272,675574,"AttL-number"
675986,676200,"Dir-um"
676200,676823,"Ad-maskSg"
676823,677246,"L-see"
677246,677593,"Dir-herum"
679406,679700,"AttL-quantity"
679700,679794,"T-wenn"
679794,679882,"P-neutral"
679882,680035,"Ad-maskSg"
680035,680567,"AttL-quantity"
680567,681084,"V-motion"
681608,681867,"V-static"
681867,682014,"Pos-da"
682014,682772,"O-Versprecher"
682772,683337,"Aid-maskSg"
683337,683894,"AttL-others"
683894,684664,"L-eisstand"
684664,684770,"Pos-da"
684770,684925,"V-static"
684925,685290,"O-Versprecher"
685290,685695,"Aid-femSg"
685695,686238,"L-objekt-sg_unbestimmbar"
686238,686532,"Prep-mit"
687108,687848,"L-objekt-sg_unbestimmbar"
687848,688377,"Pos-in"
688377,688744,"O-Kommentar"
688838,688962,"Ad-neuSg"
688962,689056,"Aid-maskSg"
689056,689535,"L-eisstand"
689535,689840,"V-static"
691389,691639,"Pos-an"
691639,691962,"Ad-femSg"
691962,692335,"L-strKr_14-TK-park-4"
692335,692438,"Pos-wo"
692438,692553,"P-DuPerspektive"
692553,692991,"Ad-maskSg"
692991,693530,"O-Versprecher"
695057,695409,"O-Bestaetigung"
695409,695680,"Ad-maskSg"
695680,696359,"L-eisstand"
696359,696741,"V-perception"
698468,698573,"P-neutral"
698573,698682,"V-motion"
698856,699138,"AttL-others"
699138,699323,"O-Bestaetigung"
699323,699611,"Dir-rechts"
699611,699793,"Dir-herum"
699793,700072,"O-Bestaetigung"
700072,700162,"P-neutral"
700162,700347,"V-motion"
700597,700923,"AttL-number"
701229,701591,"Dir-rechts"
701591,701852,"Dir-herum"
701852,702249,"Pos-da"
702460,702772,"T-davor"
702772,702898,"P-DuPerspektive"
703298,703539,"O-Kommentar"
703539,703633,"Pos-da"
703633,703789,"V-static"
703789,703886,"Ad-femSg"
703886,704227,"AttL-number"
704227,704707,"L-strKr_14-TK-park-4"
704707,704974,"Pos-vor"
704974,705071,"P-DuPerspektive"
705309,705386,"Ad-neuSg"
705386,705477,"V-static"
705771,705965,"Aid-maskSg"
705965,706470,"L-str_10-parkweg-rundgang"
706470,706717,"Pos-vor"
706717,706802,"P-DuPerspektive"
707005,707193,"Dir-zu"
707193,707352,"Ad-neuSg"
707352,707683,"L-park_eingang-torbogen"
707683,708060,"V-motion"
709266,709383,"P-DuPerspektive"
709383,709718,"Dir-rechts"
709718,710353,"V-motion"
710663,710816,"Pos-an"
710816,711133,"Ad-maskSg"
711133,711762,"L-eisstand"
711762,711859,"P-DuPerspektive"
711859,712068,"V-static"
712068,712247,"Ad-neuSg"
712644,713105,"O-Versprecher"
713727,714350,"AttL-others"
715096,715376,"Ad-maskSg"
715376,715883,"L-eisstand"
716119,716395,"V-static"
717473,717706,"Pos-hinter"
717706,717911,"Ad-femSg"
717911,718079,"L-str_104-parkweg-rundweg-4"
718237,718396,"P-DuPerspektive"
718520,718743,"Ad-femSg"
718743,719231,"L-str_11-parkweg-ausgang"
719753,720086,"Dir-rechts"
720086,720806,"V-motion"
720806,721141,"O-Bestaetigung"
721444,721558,"Ad-maskSg"
721558,722093,"Pos-davor"
722093,722422,"V-static"
722820,723391,"O-Kommentar"
723391,723558,"T-wenn"
723558,723655,"P-DuPerspektive"
723655,724152,"Ad-maskSg"
724791,725206,"V-motion"
725206,725417,"T-dann"
725417,725670,"V-motion"
725670,725820,"P-DuPerspektive"
726093,726255,"T-wenn"
726255,726358,"P-DuPerspektive"
726358,726578,"Dist-weiter"
726578,727113,"Dir-geradeaus"
727113,727396,"V-motion"
727396,727619,"T-dann"
727963,728107,"Dir-zu"
728107,728324,"Ad-maskSg"
728324,729053,"L-lm5_brunnen"
729341,729629,"V-other"
729629,729727,"P-egozentrisch"
732271,732426,"Pos-da"
732426,732720,"Pos-zwischen"
737869,737969,"Pos-da"
738063,738151,"P-DuPerspektive"
738151,738315,"T-dann"
738315,738912,"V-other"
742724,742891,"P-egozentrisch"
742891,743053,"V-other"
743053,743156,"Ad-neuSg"
743156,743258,"O-Negation"
745355,745532,"P-egozentrisch"
745532,745799,"V-other"
745799,745967,"O-Negation"
747364,747676,"V-perception"
747676,747840,"L-5stationen"
748352,749251,"AttL-others"
749763,749845,"P-DuPerspektive"
749845,750027,"O-Negation"
750386,750973,"Dir-andereRichtung"
750973,751438,"V-motion"
751609,751703,"P-DuPerspektive"
751703,751886,"V-motion"
752027,752226,"Dir-ueber"
752226,752949,"O-Negation"
755050,755514,"AttL-number"
758074,758397,"AttL-number"
758514,758632,"P-egozentrisch"
758791,759044,"V-perception"
759149,759237,"Pos-da"
759237,759484,"Aid-femSg"
759484,759831,"L-bruecke_unbestimmbar"
759831,760037,"Pos-ueber"
760037,760437,"L-fluss"
760437,760772,"V-static"
762598,762745,"P-egozentrisch"
762745,762886,"V-other"
762886,763022,"P-egozentrisch"
763022,763157,"V-other"
763157,763280,"P-DuPerspektive"
766179,766455,"Ad-neuSg"
766455,766878,"Pos-zwischen"
767437,767566,"Ad-neuSg"
767566,767889,"V-other"
767889,768189,"P-egozentrisch"
768418,768639,"O-Negation"
771957,772134,"O-Bestaetigung"
772134,772275,"Ad-neuSg"
772275,772411,"V-static"
772828,773098,"Aid-maskSg"
773098,773651,"L-lm4_kapelle"
777605,778070,"O-Kommentar"
778252,778369,"Pos-da"
778369,778446,"Aid-femSg"
778446,778593,"L-lm4_turm-uhr"
778593,778763,"Pos-dran"
778763,778857,"V-static"
779210,779398,"V-static"
779557,779733,"Ad-femSg"
779733,780074,"Pos-wo"
786348,786748,"O-Kommentar"
786748,786889,"Ad-neuSg"
786889,787294,"V-other"
787294,787976,"P-DuPerspektive"
790290,790513,"O-Negation"
790513,790619,"Ad-femPl"
790619,790819,"V-static"
794541,794912,"O-Bestaetigung"
794912,795500,"O-Bestaetigung"
796019,796413,"T-bisJetzt "
796413,796677,"O-Kommentar"
796818,796965,"P-neutral"
796965,797383,"V-other"
798987,799152,"P-egozentrisch"
799152,799299,"V-other"
799299,799405,"Ad-neuSg"
799405,799528,"V-static"
801175,801933,"O-Frage"
805461,805961,"O-Bestaetigung"
806513,806980,"O-Kommentar"
807291,807521,"V-static"
807521,807662,"Ad-neuSg"
807856,808032,"P-egozentrisch"
808032,808173,"T-wenn"
808173,808244,"P-DuPerspektive"
808244,808302,"Ad-neuSg"
808302,808467,"O-Negation"
808467,809072,"V-other"
810260,810366,"P-egozentrisch"
810542,810848,"P-DuPerspektive"
811071,811694,"V-other"
812955,813355,"O-Bestaetigung"
813355,813790,"O-Bestaetigung"
813790,813966,"P-WirPerspektive"
813966,814119,"V-static"
